Date,Inflation Rate,Simple Growth Rate %,Y-o-Y Change %,Annual % Rate,Type
Nov-30-2022,6.8,NM,NM,NM,Actual
Oct-31-2022,6.88,NM,NM,NM,Actual
Sep-30-2022,6.86,NM,NM,NM,Actual
Aug-31-2022,7.01,NM,NM,NM,Actual
Jul-31-2022,7.59,NM,NM,NM,Actual
Jun-30-2022,8.13,NM,NM,NM,Actual
May-31-2022,7.73,NM,NM,NM,Actual
Apr-30-2022,6.77,NM,NM,NM,Actual
Mar-31-2022,6.66,NM,NM,NM,Actual
Feb-28-2022,5.69,NM,NM,NM,Actual
Jan-31-2022,5.14,NM,NM,NM,Actual
Dec-31-2021,4.8,NM,NM,NM,Actual
Nov-30-2021,4.72,NM,NM,NM,Actual
Oct-31-2021,4.65,NM,NM,NM,Actual
Sep-30-2021,4.38,NM,NM,NM,Actual
Aug-31-2021,4.09,NM,NM,NM,Actual
Jul-31-2021,3.72,NM,NM,NM,Actual
Jun-30-2021,3.06,NM,NM,NM,Actual
May-31-2021,3.6,NM,NM,NM,Actual
Apr-30-2021,3.39,NM,NM,NM,Actual
Mar-31-2021,2.2,NM,NM,NM,Actual
Feb-28-2021,1.09,NM,NM,NM,Actual
Jan-31-2021,1.02,NM,NM,NM,Actual
Dec-31-2020,0.73,NM,NM,NM,Actual
Nov-30-2020,0.95,NM,NM,NM,Actual
Oct-31-2020,0.66,NM,NM,NM,Actual
Sep-30-2020,0.51,NM,NM,NM,Actual
Aug-31-2020,0.15,NM,NM,NM,Actual
Jul-31-2020,0.15,NM,NM,NM,Actual
Jun-30-2020,0.66,NM,NM,NM,Actual
May-31-2020,-0.37,NM,NM,NM,Actual
Apr-30-2020,-0.22,NM,NM,NM,Actual
Mar-31-2020,0.89,NM,NM,NM,Actual
Feb-29-2020,2.16,NM,NM,NM,Actual
Jan-31-2020,2.4,NM,NM,NM,Actual
Dec-31-2019,2.25,NM,NM,NM,Actual
Nov-30-2019,2.17,NM,NM,NM,Actual
Oct-31-2019,1.86,NM,NM,NM,Actual
Sep-30-2019,1.87,NM,NM,NM,Actual
Aug-31-2019,1.94,NM,NM,NM,Actual
Jul-31-2019,2.01,NM,NM,NM,Actual
Jun-30-2019,2.02,NM,NM,NM,Actual
May-31-2019,2.4,NM,NM,NM,Actual
Apr-30-2019,2.03,NM,NM,NM,Actual
Mar-31-2019,1.88,NM,NM,NM,Actual
Feb-28-2019,1.51,NM,NM,NM,Actual
Jan-31-2019,1.44,NM,NM,NM,Actual
Dec-31-2018,1.99,NM,NM,NM,Actual
Nov-30-2018,1.68,NM,NM,NM,Actual
Oct-31-2018,2.44,NM,NM,NM,Actual
Sep-30-2018,2.22,NM,NM,NM,Actual
Aug-31-2018,2.84,NM,NM,NM,Actual
Jul-31-2018,2.99,NM,NM,NM,Actual
Jun-30-2018,2.45,NM,NM,NM,Actual
May-31-2018,2.22,NM,NM,NM,Actual
Apr-30-2018,2.22,NM,NM,NM,Actual
Mar-31-2018,2.31,NM,NM,NM,Actual
Feb-28-2018,2.16,NM,NM,NM,Actual
Jan-31-2018,1.7,NM,NM,NM,Actual
Dec-31-2017,1.87,NM,NM,NM,Actual
Nov-30-2017,2.1,NM,NM,NM,Actual
Oct-31-2017,1.39,NM,NM,NM,Actual
Sep-30-2017,1.55,NM,NM,NM,Actual
Aug-31-2017,1.4,NM,NM,NM,Actual
Jul-31-2017,1.16,NM,NM,NM,Actual
Jun-30-2017,1.01,NM,NM,NM,Actual
May-31-2017,1.32,NM,NM,NM,Actual
Apr-30-2017,1.64,NM,NM,NM,Actual
Mar-31-2017,1.56,NM,NM,NM,Actual
Feb-28-2017,2.05,NM,NM,NM,Actual
Jan-31-2017,2.13,NM,NM,NM,Actual
Dec-31-2016,1.5,NM,NM,NM,Actual
Nov-30-2016,1.18,NM,NM,NM,Actual
Oct-31-2016,1.49,NM,NM,NM,Actual
Sep-30-2016,1.34,NM,NM,NM,Actual
Aug-31-2016,1.1,NM,NM,NM,Actual
Jul-31-2016,1.26,NM,NM,NM,Actual
Jun-30-2016,1.49,NM,NM,NM,Actual
May-31-2016,1.5,NM,NM,NM,Actual
Apr-30-2016,1.66,NM,NM,NM,Actual
Mar-31-2016,1.27,NM,NM,NM,Actual
Feb-29-2016,1.36,NM,NM,NM,Actual
Jan-31-2016,2.01,NM,NM,NM,Actual
Dec-31-2015,1.61,NM,NM,NM,Actual
Nov-30-2015,1.36,NM,NM,NM,Actual
Oct-31-2015,1.03,NM,NM,NM,Actual
Sep-30-2015,1.03,NM,NM,NM,Actual
Aug-31-2015,1.27,NM,NM,NM,Actual
Jul-31-2015,1.27,NM,NM,NM,Actual
Jun-30-2015,1.03,NM,NM,NM,Actual
May-31-2015,0.87,NM,NM,NM,Actual
Apr-30-2015,0.8,NM,NM,NM,Actual
Mar-31-2015,1.2,NM,NM,NM,Actual
Feb-28-2015,1.05,NM,NM,NM,Actual
Jan-31-2015,0.97,NM,NM,NM,Actual
Dec-31-2014,1.47,NM,NM,NM,Actual
Nov-30-2014,1.95,NM,NM,NM,Actual
Oct-31-2014,2.36,NM,NM,NM,Actual
Sep-30-2014,2.03,NM,NM,NM,Actual
Aug-31-2014,2.11,NM,NM,NM,Actual
Jul-31-2014,2.11,NM,NM,NM,Actual
Jun-30-2014,2.36,NM,NM,NM,Actual
May-31-2014,2.28,NM,NM,NM,Actual
Apr-30-2014,2.04,NM,NM,NM,Actual
Mar-31-2014,1.55,NM,NM,NM,Actual
Feb-28-2014,1.14,NM,NM,NM,Actual
Jan-31-2014,1.48,NM,NM,NM,Actual
Dec-31-2013,1.24,NM,NM,NM,Actual
Nov-30-2013,0.9,NM,NM,NM,Actual
Oct-31-2013,0.65,NM,NM,NM,Actual
Sep-30-2013,1.07,NM,NM,NM,Actual
Aug-31-2013,1.07,NM,NM,NM,Actual
Jul-31-2013,1.32,NM,NM,NM,Actual
Jun-30-2013,1.15,NM,NM,NM,Actual
May-31-2013,0.74,NM,NM,NM,Actual
Apr-30-2013,0.41,NM,NM,NM,Actual
Mar-31-2013,0.99,NM,NM,NM,Actual
Feb-28-2013,1.24,NM,NM,NM,Actual
Jan-31-2013,0.5,NM,NM,NM,Actual
Dec-31-2012,0.83,NM,NM,NM,Actual
Nov-30-2012,0.83,NM,NM,NM,Actual
Oct-31-2012,1.16,NM,NM,NM,Actual
Sep-30-2012,1.16,NM,NM,NM,Actual
Aug-31-2012,1.25,NM,NM,NM,Actual
Jul-31-2012,1.25,NM,NM,NM,Actual
Jun-30-2012,1.5,NM,NM,NM,Actual
May-31-2012,1.24,NM,NM,NM,Actual
Apr-30-2012,2,NM,NM,NM,Actual
Mar-31-2012,1.93,NM,NM,NM,Actual
Feb-29-2012,2.62,NM,NM,NM,Actual
Jan-31-2012,2.46,NM,NM,NM,Actual
Dec-31-2011,2.3,NM,NM,NM,Actual
Nov-30-2011,2.89,NM,NM,NM,Actual
Oct-31-2011,2.9,NM,NM,NM,Actual
Sep-30-2011,3.17,NM,NM,NM,Actual
Aug-31-2011,3.08,NM,NM,NM,Actual
Jul-31-2011,2.74,NM,NM,NM,Actual
Jun-30-2011,3.1,NM,NM,NM,Actual
May-31-2011,3.7,NM,NM,NM,Actual
Apr-30-2011,3.28,NM,NM,NM,Actual
Mar-31-2011,3.29,NM,NM,NM,Actual
Feb-28-2011,2.16,NM,NM,NM,Actual
Jan-31-2011,2.35,NM,NM,NM,Actual
Dec-31-2010,2.35,NM,NM,NM,Actual
Nov-30-2010,2,NM,NM,NM,Actual
Oct-31-2010,2.44,NM,NM,NM,Actual
Sep-30-2010,1.92,NM,NM,NM,Actual
Aug-31-2010,1.74,NM,NM,NM,Actual
Jul-31-2010,1.83,NM,NM,NM,Actual
Jun-30-2010,0.96,NM,NM,NM,Actual
May-31-2010,1.39,NM,NM,NM,Actual
Apr-30-2010,1.84,NM,NM,NM,Actual
Mar-31-2010,1.4,NM,NM,NM,Actual
Feb-28-2010,1.58,NM,NM,NM,Actual
Jan-31-2010,1.86,NM,NM,NM,Actual
Dec-31-2009,1.32,NM,NM,NM,Actual
Nov-30-2009,0.96,NM,NM,NM,Actual
Oct-31-2009,0.09,NM,NM,NM,Actual
Sep-30-2009,-0.86,NM,NM,NM,Actual
Aug-31-2009,-0.78,NM,NM,NM,Actual
Jul-31-2009,-0.95,NM,NM,NM,Actual
Jun-30-2009,-0.26,NM,NM,NM,Actual
May-31-2009,0.09,NM,NM,NM,Actual
Apr-30-2009,0.35,NM,NM,NM,Actual
Mar-31-2009,1.24,NM,NM,NM,Actual
Feb-28-2009,1.43,NM,NM,NM,Actual
Jan-31-2009,1.07,NM,NM,NM,Actual
Dec-31-2008,1.16,NM,NM,NM,Actual
Nov-30-2008,1.97,NM,NM,NM,Actual
Oct-31-2008,2.6,NM,NM,NM,Actual
Sep-30-2008,3.4,NM,NM,NM,Actual
Aug-31-2008,3.49,NM,NM,NM,Actual
Jul-31-2008,3.39,NM,NM,NM,Actual
Jun-30-2008,3.13,NM,NM,NM,Actual
May-31-2008,2.23,NM,NM,NM,Actual
Apr-30-2008,1.7,NM,NM,NM,Actual
Mar-31-2008,1.35,NM,NM,NM,Actual
Feb-29-2008,1.81,NM,NM,NM,Actual
Jan-31-2008,2.19,NM,NM,NM,Actual
Dec-31-2007,2.38,NM,NM,NM,Actual
Nov-30-2007,2.47,NM,NM,NM,Actual
Oct-31-2007,2.39,NM,NM,NM,Actual
Sep-30-2007,2.47,NM,NM,NM,Actual
Aug-31-2007,1.73,NM,NM,NM,Actual
Jul-31-2007,2.19,NM,NM,NM,Actual
Jun-30-2007,2.19,NM,NM,NM,Actual
May-31-2007,2.19,NM,NM,NM,Actual
Apr-30-2007,2.2,NM,NM,NM,Actual
Mar-31-2007,2.3,NM,NM,NM,Actual
Feb-28-2007,2.04,NM,NM,NM,Actual
Jan-31-2007,1.11,NM,NM,NM,Actual
Dec-31-2006,1.67,NM,NM,NM,Actual
Nov-30-2006,1.39,NM,NM,NM,Actual
Oct-31-2006,1.02,NM,NM,NM,Actual
Sep-30-2006,0.74,NM,NM,NM,Actual
Aug-31-2006,2.14,NM,NM,NM,Actual
Jul-31-2006,2.33,NM,NM,NM,Actual
Jun-30-2006,2.43,NM,NM,NM,Actual
May-31-2006,2.81,NM,NM,NM,Actual
Apr-30-2006,2.44,NM,NM,NM,Actual
Mar-31-2006,2.16,NM,NM,NM,Actual
Feb-28-2006,2.18,NM,NM,NM,Actual
Jan-31-2006,2.75,NM,NM,NM,Actual
Dec-31-2005,2.09,NM,NM,NM,Actual
Nov-30-2005,1.99,NM,NM,NM,Actual
Oct-31-2005,2.57,NM,NM,NM,Actual
Sep-30-2005,3.24,NM,NM,NM,Actual
Aug-31-2005,2.58,NM,NM,NM,Actual
Jul-31-2005,2,NM,NM,NM,Actual
Jun-30-2005,1.71,NM,NM,NM,Actual
May-31-2005,1.62,NM,NM,NM,Actual
Apr-30-2005,2.4,NM,NM,NM,Actual
Mar-31-2005,2.31,NM,NM,NM,Actual
Feb-28-2005,2.13,NM,NM,NM,Actual
Jan-31-2005,1.94,NM,NM,NM,Actual
Dec-31-2004,2.13,NM,NM,NM,Actual
Nov-30-2004,2.42,NM,NM,NM,Actual
Oct-31-2004,2.33,NM,NM,NM,Actual
Sep-30-2004,1.84,NM,NM,NM,Actual
Aug-31-2004,1.85,NM,NM,NM,Actual
Jul-31-2004,2.34,NM,NM,NM,Actual
Jun-30-2004,2.54,NM,NM,NM,Actual
May-31-2004,2.44,NM,NM,NM,Actual
Apr-30-2004,1.66,NM,NM,NM,Actual
Mar-31-2004,0.78,NM,NM,NM,Actual
Feb-29-2004,0.68,NM,NM,NM,Actual
Jan-31-2004,1.27,NM,NM,NM,Actual
Dec-31-2003,2.08,NM,NM,NM,Actual
Nov-30-2003,1.58,NM,NM,NM,Actual
Oct-31-2003,1.58,NM,NM,NM,Actual
Sep-30-2003,2.18,NM,NM,NM,Actual
Aug-31-2003,1.98,NM,NM,NM,Actual
Jul-31-2003,2.09,NM,NM,NM,Actual
Jun-30-2003,2.6,NM,NM,NM,Actual
May-31-2003,2.81,NM,NM,NM,Actual
Apr-30-2003,2.91,NM,NM,NM,Actual
Mar-31-2003,4.25,NM,NM,NM,Actual
Feb-28-2003,4.68,NM,NM,NM,Actual
Jan-31-2003,4.51,NM,NM,NM,Actual
Dec-31-2002,3.8,NM,NM,NM,Actual
Nov-30-2002,4.42,NM,NM,NM,Actual
Oct-31-2002,3.16,NM,NM,NM,Actual
Sep-30-2002,2.33,NM,NM,NM,Actual
Aug-31-2002,2.54,NM,NM,NM,Actual
Jul-31-2002,2.13,NM,NM,NM,Actual
Jun-30-2002,1.22,NM,NM,NM,Actual
May-31-2002,1.12,NM,NM,NM,Actual
Apr-30-2002,1.74,NM,NM,NM,Actual
Mar-31-2002,1.85,NM,NM,NM,Actual
Feb-28-2002,1.45,NM,NM,NM,Actual
Jan-31-2002,1.35,NM,NM,NM,Actual
Dec-31-2001,0.72,NM,NM,NM,Actual
Nov-30-2001,0.62,NM,NM,NM,Actual
Oct-31-2001,1.87,NM,NM,NM,Actual
Sep-30-2001,2.6,NM,NM,NM,Actual
Aug-31-2001,2.82,NM,NM,NM,Actual
Jul-31-2001,2.71,NM,NM,NM,Actual
Jun-30-2001,3.35,NM,NM,NM,Actual
May-31-2001,3.9,NM,NM,NM,Actual
Apr-30-2001,3.49,NM,NM,NM,Actual
Mar-31-2001,2.43,NM,NM,NM,Actual
Feb-28-2001,2.87,NM,NM,NM,Actual
Jan-31-2001,2.99,NM,NM,NM,Actual
Dec-31-2000,3.2,NM,NM,NM,Actual
Nov-30-2000,3.21,NM,NM,NM,Actual
Oct-31-2000,2.77,NM,NM,NM,Actual
Sep-30-2000,2.67,NM,NM,NM,Actual
Aug-31-2000,2.57,NM,NM,NM,Actual
Jul-31-2000,2.9,NM,NM,NM,Actual
Jun-30-2000,2.8,NM,NM,NM,Actual
May-31-2000,2.37,NM,NM,NM,Actual
Apr-30-2000,2.16,NM,NM,NM,Actual
Mar-31-2000,3.04,NM,NM,NM,Actual
Feb-29-2000,2.73,NM,NM,NM,Actual
Jan-31-2000,2.19,NM,NM,NM,Actual
Dec-31-1999,2.63,NM,NM,NM,Actual
Nov-30-1999,2.18,NM,NM,NM,Actual
Oct-31-1999,2.29,NM,NM,NM,Actual
Sep-30-1999,2.63,NM,NM,NM,Actual
Aug-31-1999,2.08,NM,NM,NM,Actual
Jul-31-1999,1.86,NM,NM,NM,Actual
Jun-30-1999,1.64,NM,NM,NM,Actual
May-31-1999,1.53,NM,NM,NM,Actual
Apr-30-1999,1.65,NM,NM,NM,Actual
Mar-31-1999,0.99,NM,NM,NM,Actual
Feb-28-1999,0.66,NM,NM,NM,Actual
Jan-31-1999,0.66,NM,NM,NM,Actual
Dec-31-1998,1,NM,NM,NM,Actual
Nov-30-1998,1.22,NM,NM,NM,Actual
Oct-31-1998,1.1,NM,NM,NM,Actual
Sep-30-1998,0.66,NM,NM,NM,Actual
Aug-31-1998,0.88,NM,NM,NM,Actual
Jul-31-1998,0.99,NM,NM,NM,Actual
Jun-30-1998,0.99,NM,NM,NM,Actual
May-31-1998,1.11,NM,NM,NM,Actual
Apr-30-1998,0.89,NM,NM,NM,Actual
Mar-31-1998,1,NM,NM,NM,Actual
Feb-28-1998,1,NM,NM,NM,Actual
Jan-31-1998,1.11,NM,NM,NM,Actual
Dec-31-1997,0.78,NM,NM,NM,Actual
Nov-30-1997,0.89,NM,NM,NM,Actual
Oct-31-1997,1.46,NM,NM,NM,Actual
Sep-30-1997,1.68,NM,NM,NM,Actual
Aug-31-1997,1.8,NM,NM,NM,Actual
Jul-31-1997,1.69,NM,NM,NM,Actual
Jun-30-1997,1.69,NM,NM,NM,Actual
May-31-1997,1.46,NM,NM,NM,Actual
Apr-30-1997,1.69,NM,NM,NM,Actual
Mar-31-1997,1.92,NM,NM,NM,Actual
Feb-28-1997,2.27,NM,NM,NM,Actual
Jan-31-1997,2.16,NM,NM,NM,Actual
Dec-31-1996,2.16,NM,NM,NM,Actual
Nov-30-1996,1.93,NM,NM,NM,Actual
Oct-31-1996,1.82,NM,NM,NM,Actual
Sep-30-1996,1.48,NM,NM,NM,Actual
Aug-31-1996,1.48,NM,NM,NM,Actual
Jul-31-1996,1.25,NM,NM,NM,Actual
Jun-30-1996,1.48,NM,NM,NM,Actual
May-31-1996,1.48,NM,NM,NM,Actual
Apr-30-1996,1.37,NM,NM,NM,Actual
Mar-31-1996,1.49,NM,NM,NM,Actual
Feb-29-1996,1.26,NM,NM,NM,Actual
Jan-31-1996,1.62,NM,NM,NM,Actual
Dec-31-1995,1.74,NM,NM,NM,Actual
Nov-30-1995,2.09,NM,NM,NM,Actual
Oct-31-1995,2.33,NM,NM,NM,Actual
Sep-30-1995,2.21,NM,NM,NM,Actual
Aug-31-1995,2.21,NM,NM,NM,Actual
Jul-31-1995,2.57,NM,NM,NM,Actual
Jun-30-1995,2.69,NM,NM,NM,Actual
May-31-1995,2.93,NM,NM,NM,Actual
Apr-30-1995,2.46,NM,NM,NM,Actual
Mar-31-1995,2.11,NM,NM,NM,Actual
Feb-28-1995,1.87,NM,NM,NM,Actual
Jan-31-1995,0.58,NM,NM,NM,Actual
Dec-31-1994,0.23,NM,NM,NM,Actual
Nov-30-1994,-0.12,NM,NM,NM,Actual
Oct-31-1994,-0.23,NM,NM,NM,Actual
Sep-30-1994,0.23,NM,NM,NM,Actual
Aug-31-1994,0.12,NM,NM,NM,Actual
Jul-31-1994,0.12,NM,NM,NM,Actual
Jun-30-1994,0,NM,NM,NM,Actual
May-31-1994,-0.23,NM,NM,NM,Actual
Apr-30-1994,0.23,NM,NM,NM,Actual
Mar-31-1994,0.23,NM,NM,NM,Actual
Feb-28-1994,0.12,NM,NM,NM,Actual
Jan-31-1994,1.29,NM,NM,NM,Actual
Dec-31-1993,1.65,NM,NM,NM,Actual
Nov-30-1993,1.89,NM,NM,NM,Actual
Oct-31-1993,1.9,NM,NM,NM,Actual
Sep-30-1993,1.78,NM,NM,NM,Actual
Aug-31-1993,1.78,NM,NM,NM,Actual
Jul-31-1993,1.66,NM,NM,NM,Actual
Jun-30-1993,1.67,NM,NM,NM,Actual
May-31-1993,1.91,NM,NM,NM,Actual
Apr-30-1993,1.79,NM,NM,NM,Actual
Mar-31-1993,1.91,NM,NM,NM,Actual
Feb-28-1993,2.4,NM,NM,NM,Actual
Jan-31-1993,2.04,NM,NM,NM,Actual
Dec-31-1992,2.17,NM,NM,NM,Actual
Nov-30-1992,1.68,NM,NM,NM,Actual
Oct-31-1992,1.57,NM,NM,NM,Actual
Sep-30-1992,1.32,NM,NM,NM,Actual
Aug-31-1992,1.08,NM,NM,NM,Actual
Jul-31-1992,1.2,NM,NM,NM,Actual
Jun-30-1992,1.08,NM,NM,NM,Actual
May-31-1992,1.33,NM,NM,NM,Actual
Apr-30-1992,1.7,NM,NM,NM,Actual
Mar-31-1992,1.58,NM,NM,NM,Actual
Feb-29-1992,1.59,NM,NM,NM,Actual
Jan-31-1992,1.59,NM,NM,NM,Actual
Dec-31-1991,3.75,NM,NM,NM,Actual
Nov-30-1991,4.13,NM,NM,NM,Actual
Oct-31-1991,4.4,NM,NM,NM,Actual
Sep-30-1991,5.46,NM,NM,NM,Actual
Aug-31-1991,5.98,NM,NM,NM,Actual
Jul-31-1991,5.99,NM,NM,NM,Actual
Jun-30-1991,6.27,NM,NM,NM,Actual
May-31-1991,6.16,NM,NM,NM,Actual
Apr-30-1991,6.19,NM,NM,NM,Actual
Mar-31-1991,6.19,NM,NM,NM,Actual
Feb-28-1991,6.22,NM,NM,NM,Actual
Jan-31-1991,6.91,NM,NM,NM,Actual
Dec-31-1990,4.99,NM,NM,NM,Actual
Nov-30-1990,5.12,NM,NM,NM,Actual
Oct-31-1990,4.74,NM,NM,NM,Actual
Sep-30-1990,4.23,NM,NM,NM,Actual
Aug-31-1990,4.11,NM,NM,NM,Actual
Jul-31-1990,4.11,NM,NM,NM,Actual
Jun-30-1990,4.41,NM,NM,NM,Actual
May-31-1990,4.42,NM,NM,NM,Actual
Apr-30-1990,5.01,NM,NM,NM,Actual
Mar-31-1990,5.3,NM,NM,NM,Actual
Feb-28-1990,5.46,NM,NM,NM,Actual
Jan-31-1990,5.5,NM,NM,NM,Actual
Dec-31-1989,5.26,NM,NM,NM,Actual
Nov-30-1989,5.26,NM,NM,NM,Actual
Oct-31-1989,5.12,NM,NM,NM,Actual
Sep-30-1989,5.29,NM,NM,NM,Actual
Aug-31-1989,5.3,NM,NM,NM,Actual
Jul-31-1989,5.31,NM,NM,NM,Actual
Jun-30-1989,5.2,NM,NM,NM,Actual
May-31-1989,5.07,NM,NM,NM,Actual
Apr-30-1989,4.53,NM,NM,NM,Actual
Mar-31-1989,4.55,NM,NM,NM,Actual
Feb-28-1989,4.57,NM,NM,NM,Actual
Jan-31-1989,4.3,NM,NM,NM,Actual
Dec-31-1988,3.88,NM,NM,NM,Actual
Nov-30-1988,4.03,NM,NM,NM,Actual
Oct-31-1988,4.34,NM,NM,NM,Actual
Sep-30-1988,4.06,NM,NM,NM,Actual
Aug-31-1988,3.91,NM,NM,NM,Actual
Jul-31-1988,3.92,NM,NM,NM,Actual
Jun-30-1988,3.94,NM,NM,NM,Actual
May-31-1988,3.95,NM,NM,NM,Actual
Apr-30-1988,3.98,NM,NM,NM,Actual
Mar-31-1988,4.3,NM,NM,NM,Actual
Feb-29-1988,4.01,NM,NM,NM,Actual
Jan-31-1988,4.03,NM,NM,NM,Actual
Dec-31-1987,4.19,NM,NM,NM,Actual
Nov-30-1987,4.2,NM,NM,NM,Actual
Oct-31-1987,4.22,NM,NM,NM,Actual
Sep-30-1987,4.55,NM,NM,NM,Actual
Aug-31-1987,4.55,NM,NM,NM,Actual
Jul-31-1987,4.55,NM,NM,NM,Actual
Jun-30-1987,4.74,NM,NM,NM,Actual
May-31-1987,4.59,NM,NM,NM,Actual
Apr-30-1987,4.62,NM,NM,NM,Actual
Mar-31-1987,4.01,NM,NM,NM,Actual
Feb-28-1987,4.02,NM,NM,NM,Actual
Jan-31-1987,4.04,NM,NM,NM,Actual
Dec-31-1986,4.21,NM,NM,NM,Actual
Nov-30-1986,4.55,NM,NM,NM,Actual
Oct-31-1986,4.4,NM,NM,NM,Actual
Sep-30-1986,4.1,NM,NM,NM,Actual
Aug-31-1986,4.27,NM,NM,NM,Actual
Jul-31-1986,4.11,NM,NM,NM,Actual
Jun-30-1986,3.81,NM,NM,NM,Actual
May-31-1986,4.15,NM,NM,NM,Actual
Apr-30-1986,3.84,NM,NM,NM,Actual
Mar-31-1986,4.34,NM,NM,NM,Actual
Feb-28-1986,4.19,NM,NM,NM,Actual
Jan-31-1986,4.38,NM,NM,NM,Actual
Dec-31-1985,4.4,NM,NM,NM,Actual
Nov-30-1985,3.91,NM,NM,NM,Actual
Oct-31-1985,4.09,NM,NM,NM,Actual
Sep-30-1985,4.11,NM,NM,NM,Actual
Aug-31-1985,4.11,NM,NM,NM,Actual
Jul-31-1985,4.11,NM,NM,NM,Actual
Jun-30-1985,3.96,NM,NM,NM,Actual
May-31-1985,4.15,NM,NM,NM,Actual
Apr-30-1985,3.82,NM,NM,NM,Actual
Mar-31-1985,3.67,NM,NM,NM,Actual
Feb-28-1985,3.67,NM,NM,NM,Actual
Jan-31-1985,3.52,NM,NM,NM,Actual
Dec-31-1984,3.72,NM,NM,NM,Actual
Nov-30-1984,3.89,NM,NM,NM,Actual
Oct-31-1984,3.38,NM,NM,NM,Actual
Sep-30-1984,3.75,NM,NM,NM,Actual
Aug-31-1984,3.58,NM,NM,NM,Actual
Jul-31-1984,4.11,NM,NM,NM,Actual
Jun-30-1984,4.3,NM,NM,NM,Actual
May-31-1984,4.7,NM,NM,NM,Actual
Apr-30-1984,4.88,NM,NM,NM,Actual
Mar-31-1984,4.53,NM,NM,NM,Actual
Feb-29-1984,5.46,NM,NM,NM,Actual
Jan-31-1984,5.49,NM,NM,NM,Actual
Dec-31-1983,4.59,NM,NM,NM,Actual
Nov-30-1983,4.42,NM,NM,NM,Actual
Oct-31-1983,4.97,NM,NM,NM,Actual
Sep-30-1983,5.01,NM,NM,NM,Actual
Aug-31-1983,5.58,NM,NM,NM,Actual
Jul-31-1983,5.42,NM,NM,NM,Actual
Jun-30-1983,5.44,NM,NM,NM,Actual
May-31-1983,5.5,NM,NM,NM,Actual
Apr-30-1983,6.69,NM,NM,NM,Actual
Mar-31-1983,7.29,NM,NM,NM,Actual
Feb-28-1983,7.58,NM,NM,NM,Actual
Jan-31-1983,8.24,NM,NM,NM,Actual
Dec-31-1982,9.27,NM,NM,NM,Actual
Nov-30-1982,9.69,NM,NM,NM,Actual
Oct-31-1982,9.96,NM,NM,NM,Actual
Sep-30-1982,10.26,NM,NM,NM,Actual
Aug-31-1982,10.54,NM,NM,NM,Actual
Jul-31-1982,11.02,NM,NM,NM,Actual
Jun-30-1982,11.31,NM,NM,NM,Actual
May-31-1982,11.91,NM,NM,NM,Actual
Apr-30-1982,11.39,NM,NM,NM,Actual
Mar-31-1982,11.46,NM,NM,NM,Actual
Feb-28-1982,11.39,NM,NM,NM,Actual
Jan-31-1982,11.3,NM,NM,NM,Actual
Dec-31-1981,12.12,NM,NM,NM,Actual
Nov-30-1981,12.17,NM,NM,NM,Actual
Oct-31-1981,12.78,NM,NM,NM,Actual
Sep-30-1981,12.67,NM,NM,NM,Actual
Aug-31-1981,12.53,NM,NM,NM,Actual
Jul-31-1981,12.9,NM,NM,NM,Actual
Jun-30-1981,12.76,NM,NM,NM,Actual
May-31-1981,12.21,NM,NM,NM,Actual
Apr-30-1981,12.59,NM,NM,NM,Actual
Mar-31-1981,12.68,NM,NM,NM,Actual
Feb-28-1981,12.06,NM,NM,NM,Actual
Jan-31-1981,12.2,NM,NM,NM,Actual
Dec-31-1980,11.06,NM,NM,NM,Actual
Nov-30-1980,11.11,NM,NM,NM,Actual
Oct-31-1980,10.73,NM,NM,NM,Actual
Sep-30-1980,10.57,NM,NM,NM,Actual
Aug-31-1980,10.92,NM,NM,NM,Actual
Jul-31-1980,9.95,NM,NM,NM,Actual
Jun-30-1980,10.03,NM,NM,NM,Actual
May-31-1980,9.32,NM,NM,NM,Actual
Apr-30-1980,9.16,NM,NM,NM,Actual
Mar-31-1980,9.23,NM,NM,NM,Actual
Feb-29-1980,9.59,NM,NM,NM,Actual
Jan-31-1980,9.71,NM,NM,NM,Actual
Dec-31-1979,9.76,NM,NM,NM,Actual
Nov-30-1979,9.52,NM,NM,NM,Actual
Oct-31-1979,9.04,NM,NM,NM,Actual
Sep-30-1979,9.7,NM,NM,NM,Actual
Aug-31-1979,8.33,NM,NM,NM,Actual
Jul-31-1979,8.36,NM,NM,NM,Actual
Jun-30-1979,9.02,NM,NM,NM,Actual
May-31-1979,9.37,NM,NM,NM,Actual
Apr-30-1979,9.78,NM,NM,NM,Actual
Mar-31-1979,9.24,NM,NM,NM,Actual
Feb-28-1979,9.04,NM,NM,NM,Actual
Jan-31-1979,8.55,NM,NM,NM,Actual
Dec-31-1978,8.6,NM,NM,NM,Actual
Nov-30-1978,8.93,NM,NM,NM,Actual
Oct-31-1978,8.99,NM,NM,NM,Actual
Sep-30-1978,8.48,NM,NM,NM,Actual
Aug-31-1978,9.73,NM,NM,NM,Actual
Jul-31-1978,9.44,NM,NM,NM,Actual
Jun-30-1978,9.25,NM,NM,NM,Actual
May-31-1978,8.68,NM,NM,NM,Actual
Apr-30-1978,8.48,NM,NM,NM,Actual
Mar-31-1978,8.84,NM,NM,NM,Actual
Feb-28-1978,9.26,NM,NM,NM,Actual
Jan-31-1978,9.01,NM,NM,NM,Actual
Dec-31-1977,9.4,NM,NM,NM,Actual
Nov-30-1977,9.12,NM,NM,NM,Actual
Oct-31-1977,8.83,NM,NM,NM,Actual
Sep-30-1977,8.57,NM,NM,NM,Actual
Aug-31-1977,8.31,NM,NM,NM,Actual
Jul-31-1977,8.31,NM,NM,NM,Actual
Jun-30-1977,7.72,NM,NM,NM,Actual
May-31-1977,8.09,NM,NM,NM,Actual
Apr-30-1977,7.49,NM,NM,NM,Actual
Mar-31-1977,7.19,NM,NM,NM,Actual
Feb-28-1977,6.23,NM,NM,NM,Actual
Jan-31-1977,6.27,NM,NM,NM,Actual
Dec-31-1976,5.63,NM,NM,NM,Actual
Nov-30-1976,5.65,NM,NM,NM,Actual
Oct-31-1976,6.38,NM,NM,NM,Actual
Sep-30-1976,6.42,NM,NM,NM,Actual
Aug-31-1976,6.1,NM,NM,NM,Actual
Jul-31-1976,7.19,NM,NM,NM,Actual
Jun-30-1976,7.99,NM,NM,NM,Actual
May-31-1976,8.42,NM,NM,NM,Actual
Apr-30-1976,8.87,NM,NM,NM,Actual
Mar-31-1976,9.29,NM,NM,NM,Actual
Feb-29-1976,9.32,NM,NM,NM,Actual
Jan-31-1976,9.78,NM,NM,NM,Actual
Dec-31-1975,9.42,NM,NM,NM,Actual
Nov-30-1975,10.26,NM,NM,NM,Actual
Oct-31-1975,9.96,NM,NM,NM,Actual
Sep-30-1975,10.45,NM,NM,NM,Actual
Aug-31-1975,10.9,NM,NM,NM,Actual
Jul-31-1975,11.03,NM,NM,NM,Actual
Jun-30-1975,10.34,NM,NM,NM,Actual
May-31-1975,10.04,NM,NM,NM,Actual
Apr-30-1975,11.02,NM,NM,NM,Actual
Mar-31-1975,11.11,NM,NM,NM,Actual
Feb-28-1975,12.05,NM,NM,NM,Actual
Jan-31-1975,11.74,NM,NM,NM,Actual
Dec-31-1974,12.65,NM,NM,NM,Actual
Nov-30-1974,11.89,NM,NM,NM,Actual
Oct-31-1974,11.98,NM,NM,NM,Actual
Sep-30-1974,11.2,NM,NM,NM,Actual
Aug-31-1974,10.83,NM,NM,NM,Actual
Jul-31-1974,10.97,NM,NM,NM,Actual
Jun-30-1974,11.54,NM,NM,NM,Actual
May-31-1974,11.64,NM,NM,NM,Actual
Apr-30-1974,9.96,NM,NM,NM,Actual
Mar-31-1974,10.53,NM,NM,NM,Actual
Feb-28-1974,9.21,NM,NM,NM,Actual
Jan-31-1974,9.29,NM,NM,NM,Actual
Dec-31-1973,9.38,NM,NM,NM,Actual
Nov-30-1973,9.42,NM,NM,NM,Actual
Oct-31-1973,8.52,NM,NM,NM,Actual
Sep-30-1973,8.07,NM,NM,NM,Actual
Aug-31-1973,8.11,NM,NM,NM,Actual
Jul-31-1973,7.73,NM,NM,NM,Actual
Jun-30-1973,7.83,NM,NM,NM,Actual
May-31-1973,6.91,NM,NM,NM,Actual
Apr-30-1973,6.45,NM,NM,NM,Actual
Mar-31-1973,5.56,NM,NM,NM,Actual
Feb-28-1973,6.05,NM,NM,NM,Actual
Jan-31-1973,5.61,NM,NM,NM,Actual
Dec-31-1972,5.16,NM,NM,NM,Actual
Nov-30-1972,5.19,NM,NM,NM,Actual
Oct-31-1972,5.19,NM,NM,NM,Actual
Sep-30-1972,5.69,NM,NM,NM,Actual
Aug-31-1972,4.72,NM,NM,NM,Actual
Jul-31-1972,4.76,NM,NM,NM,Actual
Jun-30-1972,4.33,NM,NM,NM,Actual
May-31-1972,4.83,NM,NM,NM,Actual
Apr-30-1972,4.83,NM,NM,NM,Actual
Mar-31-1972,5.37,NM,NM,NM,Actual
Feb-29-1972,4.88,NM,NM,NM,Actual
Jan-31-1972,4.9,NM,NM,NM,Actual
Dec-31-1971,4.93,NM,NM,NM,Actual
Nov-30-1971,3.92,NM,NM,NM,Actual
Oct-31-1971,3.92,NM,NM,NM,Actual
Sep-30-1971,3.43,NM,NM,NM,Actual
Aug-31-1971,3.41,NM,NM,NM,Actual
Jul-31-1971,2.44,NM,NM,NM,Actual
Jun-30-1971,2.46,NM,NM,NM,Actual
May-31-1971,1.97,NM,NM,NM,Actual
Apr-30-1971,1.97,NM,NM,NM,Actual
Mar-31-1971,1.49,NM,NM,NM,Actual
Feb-28-1971,1.49,NM,NM,NM,Actual
Jan-31-1971,0.99,NM,NM,NM,Actual
Dec-31-1970,1,NM,NM,NM,Actual
Nov-30-1970,2.51,NM,NM,NM,Actual
Oct-31-1970,2.51,NM,NM,NM,Actual
Sep-30-1970,2.51,NM,NM,NM,Actual
Aug-31-1970,3.02,NM,NM,NM,Actual
Jul-31-1970,3.54,NM,NM,NM,Actual
Jun-30-1970,3.05,NM,NM,NM,Actual
May-31-1970,3.57,NM,NM,NM,Actual
Apr-30-1970,3.57,NM,NM,NM,Actual
Mar-31-1970,4.66,NM,NM,NM,Actual
Feb-28-1970,5.21,NM,NM,NM,Actual
Jan-31-1970,5.21,NM,NM,NM,Actual
Dec-31-1969,4.69,NM,NM,NM,Actual
Nov-30-1969,3.65,NM,NM,NM,Actual
Oct-31-1969,4.74,NM,NM,NM,Actual
Sep-30-1969,4.74,NM,NM,NM,Actual
Aug-31-1969,4.74,NM,NM,NM,Actual
Jul-31-1969,4.76,NM,NM,NM,Actual
Jun-30-1969,5.35,NM,NM,NM,Actual
May-31-1969,5.38,NM,NM,NM,Actual
Apr-30-1969,5.38,NM,NM,NM,Actual
Mar-31-1969,3.76,NM,NM,NM,Actual
Feb-28-1969,3.78,NM,NM,NM,Actual
Jan-31-1969,3.78,NM,NM,NM,Actual
Dec-31-1968,4.35,NM,NM,NM,Actual
Nov-30-1968,4.92,NM,NM,NM,Actual
Oct-31-1968,3.83,NM,NM,NM,Actual
Sep-30-1968,3.83,NM,NM,NM,Actual
Aug-31-1968,3.83,NM,NM,NM,Actual
Jul-31-1968,3.85,NM,NM,NM,Actual
Jun-30-1968,3.31,NM,NM,NM,Actual
May-31-1968,3.33,NM,NM,NM,Actual
Apr-30-1968,3.91,NM,NM,NM,Actual
Mar-31-1968,4.49,NM,NM,NM,Actual
Feb-29-1968,4.52,NM,NM,NM,Actual
Jan-31-1968,4.52,NM,NM,NM,Actual
Dec-31-1967,3.95,NM,NM,NM,Actual
Nov-30-1967,3.98,NM,NM,NM,Actual
Oct-31-1967,3.98,NM,NM,NM,Actual
Sep-30-1967,3.98,NM,NM,NM,Actual
Aug-31-1967,3.98,NM,NM,NM,Actual
Jul-31-1967,4,NM,NM,NM,Actual
Jun-30-1967,3.43,NM,NM,NM,Actual
May-31-1967,3.45,NM,NM,NM,Actual
Apr-30-1967,2.87,NM,NM,NM,Actual
Mar-31-1967,2.89,NM,NM,NM,Actual
Feb-28-1967,2.91,NM,NM,NM,Actual
Jan-31-1967,3.51,NM,NM,NM,Actual
Dec-31-1966,3.51,NM,NM,NM,Actual
Nov-30-1966,3.53,NM,NM,NM,Actual
Oct-31-1966,4.14,NM,NM,NM,Actual
Sep-30-1966,4.14,NM,NM,NM,Actual
Aug-31-1966,4.14,NM,NM,NM,Actual
Jul-31-1966,3.55,NM,NM,NM,Actual
Jun-30-1966,3.55,NM,NM,NM,Actual
May-31-1966,4.19,NM,NM,NM,Actual
Apr-30-1966,4.19,NM,NM,NM,Actual
Mar-31-1966,4.22,NM,NM,NM,Actual
Feb-28-1966,3.61,NM,NM,NM,Actual
Jan-31-1966,3.01,NM,NM,NM,Actual
Dec-31-1965,3.01,NM,NM,NM,Actual
Nov-30-1965,3.03,NM,NM,NM,Actual
Oct-31-1965,2.42,NM,NM,NM,Actual
Sep-30-1965,2.42,NM,NM,NM,Actual
Aug-31-1965,2.42,NM,NM,NM,Actual
Jul-31-1965,2.42,NM,NM,NM,Actual
Jun-30-1965,3.05,NM,NM,NM,Actual
May-31-1965,1.83,NM,NM,NM,Actual
Apr-30-1965,1.83,NM,NM,NM,Actual
Mar-31-1965,1.84,NM,NM,NM,Actual
Feb-28-1965,1.84,NM,NM,NM,Actual
Jan-31-1965,1.84,NM,NM,NM,Actual
Dec-31-1964,1.84,NM,NM,NM,Actual
Nov-30-1964,1.23,NM,NM,NM,Actual
Oct-31-1964,1.85,NM,NM,NM,Actual
Sep-30-1964,1.85,NM,NM,NM,Actual
Aug-31-1964,1.23,NM,NM,NM,Actual
Jul-31-1964,1.85,NM,NM,NM,Actual
Jun-30-1964,2.5,NM,NM,NM,Actual
May-31-1964,2.5,NM,NM,NM,Actual
Apr-30-1964,2.5,NM,NM,NM,Actual
Mar-31-1964,1.88,NM,NM,NM,Actual
Feb-29-1964,1.88,NM,NM,NM,Actual
Jan-31-1964,1.88,NM,NM,NM,Actual
Dec-31-1963,1.88,NM,NM,NM,Actual
Nov-30-1963,1.88,NM,NM,NM,Actual
Oct-31-1963,1.25,NM,NM,NM,Actual
Sep-30-1963,1.89,NM,NM,NM,Actual
Aug-31-1963,1.88,NM,NM,NM,Actual
Jul-31-1963,1.89,NM,NM,NM,Actual
Jun-30-1963,0.63,NM,NM,NM,Actual
May-31-1963,1.27,NM,NM,NM,Actual
Apr-30-1963,1.27,NM,NM,NM,Actual
Mar-31-1963,1.91,NM,NM,NM,Actual
Feb-28-1963,1.91,NM,NM,NM,Actual
Jan-31-1963,1.91,NM,NM,NM,Actual
Dec-31-1962,1.91,NM,NM,NM,Actual
Nov-30-1962,1.91,NM,NM,NM,Actual
Oct-31-1962,1.91,NM,NM,NM,Actual
Sep-30-1962,1.27,NM,NM,NM,Actual
Aug-31-1962,1.91,NM,NM,NM,Actual
Jul-31-1962,1.27,NM,NM,NM,Actual
Jun-30-1962,1.27,NM,NM,NM,Actual
May-31-1962,0.64,NM,NM,NM,Actual
Apr-30-1962,0.64,NM,NM,NM,Actual
Mar-31-1962,0,NM,NM,NM,Actual
Feb-28-1962,0,NM,NM,NM,Actual
Jan-31-1962,0,NM,NM,NM,Actual
Dec-31-1961,0,NM,NM,NM,Actual
Nov-30-1961,0,NM,NM,NM,Actual
Oct-31-1961,0,NM,NM,NM,Actual
Sep-30-1961,1.29,NM,NM,NM,Actual
Aug-31-1961,1.29,NM,NM,NM,Actual
Jul-31-1961,1.29,NM,NM,NM,Actual
Jun-30-1961,1.29,NM,NM,NM,Actual
May-31-1961,1.29,NM,NM,NM,Actual
Apr-30-1961,1.29,NM,NM,NM,Actual
Mar-31-1961,1.95,NM,NM,NM,Actual
Feb-28-1961,1.29,NM,NM,NM,Actual
Jan-31-1961,1.29,NM,NM,NM,Actual
Dec-31-1960,1.29,NM,NM,NM,Actual
Nov-30-1960,1.29,NM,NM,NM,Actual
Oct-31-1960,1.29,NM,NM,NM,Actual
Sep-30-1960,0,NM,NM,NM,Actual
Aug-31-1960,1.31,NM,NM,NM,Actual
Jul-31-1960,1.31,NM,NM,NM,Actual
Jun-30-1960,2.65,NM,NM,NM,Actual
May-31-1960,1.31,NM,NM,NM,Actual
Apr-30-1960,1.97,NM,NM,NM,Actual
Mar-31-1960,1.32,NM,NM,NM,Actual
Feb-29-1960,1.31,NM,NM,NM,Actual
Jan-31-1960,1.31,NM,NM,NM,Actual
Dec-31-1959,1.31,NM,NM,NM,Actual
Nov-30-1959,1.31,NM,NM,NM,Actual
Oct-31-1959,1.31,NM,NM,NM,Actual
Sep-30-1959,1.31,NM,NM,NM,Actual
Aug-31-1959,1.32,NM,NM,NM,Actual
Jul-31-1959,1.32,NM,NM,NM,Actual
Jun-30-1959,0,NM,NM,NM,Actual
May-31-1959,1.32,NM,NM,NM,Actual
Apr-30-1959,0.66,NM,NM,NM,Actual
Mar-31-1959,0.66,NM,NM,NM,Actual
Feb-28-1959,2,NM,NM,NM,Actual
Jan-31-1959,2,NM,NM,NM,Actual
Dec-31-1958,2.68,NM,NM,NM,Actual
Nov-30-1958,2,NM,NM,NM,Actual
Oct-31-1958,2,NM,NM,NM,Actual
Sep-30-1958,2,NM,NM,NM,Actual
Aug-31-1958,1.34,NM,NM,NM,Actual
Jul-31-1958,2.03,NM,NM,NM,Actual
Jun-30-1958,2.03,NM,NM,NM,Actual
May-31-1958,2.72,NM,NM,NM,Actual
Apr-30-1958,2.72,NM,NM,NM,Actual
Mar-31-1958,3.42,NM,NM,NM,Actual
Feb-28-1958,2.74,NM,NM,NM,Actual
Jan-31-1958,2.74,NM,NM,NM,Actual
Dec-31-1957,2.05,NM,NM,NM,Actual
Nov-30-1957,2.74,NM,NM,NM,Actual
Oct-31-1957,3.45,NM,NM,NM,Actual
Sep-30-1957,4.17,NM,NM,NM,Actual
Aug-31-1957,2.76,NM,NM,NM,Actual
Jul-31-1957,2.78,NM,NM,NM,Actual
Jun-30-1957,3.5,NM,NM,NM,Actual
May-31-1957,4.26,NM,NM,NM,Actual
Apr-30-1957,4.26,NM,NM,NM,Actual
Mar-31-1957,3.55,NM,NM,NM,Actual
Feb-28-1957,3.55,NM,NM,NM,Actual
Jan-31-1957,2.82,NM,NM,NM,Actual
Dec-31-1956,2.82,NM,NM,NM,Actual
Nov-30-1956,2.82,NM,NM,NM,Actual
Oct-31-1956,2.11,NM,NM,NM,Actual
Sep-30-1956,1.41,NM,NM,NM,Actual
Aug-31-1956,2.84,NM,NM,NM,Actual
Jul-31-1956,2.13,NM,NM,NM,Actual
Jun-30-1956,1.42,NM,NM,NM,Actual
May-31-1956,0,NM,NM,NM,Actual
Apr-30-1956,0,NM,NM,NM,Actual
Mar-31-1956,0,NM,NM,NM,Actual
Feb-29-1956,0,NM,NM,NM,Actual
Jan-31-1956,0.71,NM,NM,NM,Actual
Dec-31-1955,0.71,NM,NM,NM,Actual
Nov-30-1955,0,NM,NM,NM,Actual
Oct-31-1955,0,NM,NM,NM,Actual
Sep-30-1955,0,NM,NM,NM,Actual
Aug-31-1955,-0.7,NM,NM,NM,Actual
Jul-31-1955,0,NM,NM,NM,Actual
Jun-30-1955,0,NM,NM,NM,Actual
May-31-1955,0.71,NM,NM,NM,Actual
Apr-30-1955,0.71,NM,NM,NM,Actual
Mar-31-1955,0.71,NM,NM,NM,Actual
Feb-28-1955,0,NM,NM,NM,Actual
Jan-31-1955,0,NM,NM,NM,Actual
Dec-31-1954,0,NM,NM,NM,Actual
Nov-30-1954,0.71,NM,NM,NM,Actual
Oct-31-1954,0,NM,NM,NM,Actual
Sep-30-1954,0.71,NM,NM,NM,Actual
Aug-31-1954,0.71,NM,NM,NM,Actual
Jul-31-1954,1.44,NM,NM,NM,Actual
Jun-30-1954,1.44,NM,NM,NM,Actual
May-31-1954,0.72,NM,NM,NM,Actual
Apr-30-1954,0.72,NM,NM,NM,Actual
Mar-31-1954,0.72,NM,NM,NM,Actual
Feb-28-1954,0.71,NM,NM,NM,Actual
Jan-31-1954,0,NM,NM,NM,Actual
Dec-31-1953,0,NM,NM,NM,Actual
Nov-30-1953,0,NM,NM,NM,Actual
Oct-31-1953,0.71,NM,NM,NM,Actual
Sep-30-1953,0,NM,NM,NM,Actual
Aug-31-1953,0,NM,NM,NM,Actual
Jul-31-1953,-1.42,NM,NM,NM,Actual
Jun-30-1953,-1.42,NM,NM,NM,Actual
May-31-1953,-1.42,NM,NM,NM,Actual
Apr-30-1953,-2.11,NM,NM,NM,Actual
Mar-31-1953,-2.11,NM,NM,NM,Actual
Feb-28-1953,-2.1,NM,NM,NM,Actual
Jan-31-1953,-2.08,NM,NM,NM,Actual
Dec-31-1952,-1.4,NM,NM,NM,Actual
Nov-30-1952,-1.4,NM,NM,NM,Actual
Oct-31-1952,-0.7,NM,NM,NM,Actual
Sep-30-1952,0,NM,NM,NM,Actual
Aug-31-1952,0.71,NM,NM,NM,Actual
Jul-31-1952,1.44,NM,NM,NM,Actual
Jun-30-1952,1.44,NM,NM,NM,Actual
May-31-1952,3.68,NM,NM,NM,Actual
Apr-30-1952,4.41,NM,NM,NM,Actual
Mar-31-1952,5.97,NM,NM,NM,Actual
Feb-29-1952,7.52,NM,NM,NM,Actual
Jan-31-1952,10.77,NM,NM,NM,Actual
Dec-31-1951,10.85,NM,NM,NM,Actual
Nov-30-1951,10.85,NM,NM,NM,Actual
Oct-31-1951,10.08,NM,NM,NM,Actual
Sep-30-1951,11.02,NM,NM,NM,Actual
Aug-31-1951,12,NM,NM,NM,Actual
Jul-31-1951,12.1,NM,NM,NM,Actual
Jun-30-1951,13.01,NM,NM,NM,Actual
May-31-1951,10.57,NM,NM,NM,Actual
Apr-30-1951,10.57,NM,NM,NM,Actual
Mar-31-1951,8.94,NM,NM,NM,Actual
Feb-28-1951,9.02,NM,NM,NM,Actual
Jan-31-1951,7.44,NM,NM,NM,Actual
Dec-31-1950,5.74,NM,NM,NM,Actual
Nov-30-1950,4.88,NM,NM,NM,Actual
Oct-31-1950,4.88,NM,NM,NM,Actual
Sep-30-1950,4.1,NM,NM,NM,Actual
Aug-31-1950,2.46,NM,NM,NM,Actual
Jul-31-1950,2.48,NM,NM,NM,Actual
Jun-30-1950,1.65,NM,NM,NM,Actual
May-31-1950,1.65,NM,NM,NM,Actual
Apr-30-1950,1.65,NM,NM,NM,Actual
Mar-31-1950,1.65,NM,NM,NM,Actual
Feb-28-1950,0.83,NM,NM,NM,Actual
Jan-31-1950,0,NM,NM,NM,Actual
Dec-31-1949,0.83,NM,NM,NM,Actual
Nov-30-1949,1.65,NM,NM,NM,Actual
Oct-31-1949,1.65,NM,NM,NM,Actual
Sep-30-1949,0.83,NM,NM,NM,Actual
Aug-31-1949,2.52,NM,NM,NM,Actual
Jul-31-1949,2.54,NM,NM,NM,Actual
Jun-30-1949,2.54,NM,NM,NM,Actual
May-31-1949,4.31,NM,NM,NM,Actual
Apr-30-1949,5.22,NM,NM,NM,Actual
Mar-31-1949,6.14,NM,NM,NM,Actual
Feb-28-1949,6.14,NM,NM,NM,Actual
Jan-31-1949,8.04,NM,NM,NM,Actual
Dec-31-1948,9.01,NM,NM,NM,Actual
Nov-30-1948,11.01,NM,NM,NM,Actual
Oct-31-1948,12.04,NM,NM,NM,Actual
Sep-30-1948,14.15,NM,NM,NM,Actual
Aug-31-1948,15.53,NM,NM,NM,Actual
Jul-31-1948,14.56,NM,NM,NM,Actual
Jun-30-1948,15.69,NM,NM,NM,Actual
May-31-1948,14.85,NM,NM,NM,Actual
Apr-30-1948,16.16,NM,NM,NM,Actual
Mar-31-1948,16.33,NM,NM,NM,Actual
Feb-29-1948,17.53,NM,NM,NM,Actual
Jan-31-1948,15.46,NM,NM,NM,Actual
Dec-31-1947,14.43,NM,NM,NM,Actual
Nov-30-1947,12.37,NM,NM,NM,Actual
Oct-31-1947,11.34,NM,NM,NM,Actual
Sep-30-1947,10.42,NM,NM,NM,Actual
Aug-31-1947,7.29,NM,NM,NM,Actual
Jul-31-1947,8.42,NM,NM,NM,Actual
Jun-30-1947,8.51,NM,NM,NM,Actual
May-31-1947,9.78,NM,NM,NM,Actual
Apr-30-1947,7.61,NM,NM,NM,Actual
Mar-31-1947,6.52,NM,NM,NM,Actual
Feb-28-1947,5.43,NM,NM,NM,Actual
Jan-31-1947,5.43,NM,NM,NM,Actual
Dec-31-1946,5.43,NM,NM,NM,Actual
Nov-30-1946,5.43,NM,NM,NM,Actual
Oct-31-1946,5.43,NM,NM,NM,Actual
Sep-30-1946,4.35,NM,NM,NM,Actual
Aug-31-1946,4.35,NM,NM,NM,Actual
Jul-31-1946,3.26,NM,NM,NM,Actual
Jun-30-1946,2.17,NM,NM,NM,Actual
May-31-1946,1.1,NM,NM,NM,Actual
Apr-30-1946,1.1,NM,NM,NM,Actual
Mar-31-1946,1.1,NM,NM,NM,Actual
Feb-28-1946,1.1,NM,NM,NM,Actual
Jan-31-1946,2.22,NM,NM,NM,Actual
Dec-31-1945,2.22,NM,NM,NM,Actual
Nov-30-1945,1.1,NM,NM,NM,Actual
Oct-31-1945,1.1,NM,NM,NM,Actual
Sep-30-1945,1.1,NM,NM,NM,Actual
Aug-31-1945,1.1,NM,NM,NM,Actual
Jul-31-1945,1.1,NM,NM,NM,Actual
Jun-30-1945,1.1,NM,NM,NM,Actual
May-31-1945,0,NM,NM,NM,Actual
Apr-30-1945,0,NM,NM,NM,Actual
Mar-31-1945,0,NM,NM,NM,Actual
Feb-28-1945,0,NM,NM,NM,Actual
Jan-31-1945,-1.1,NM,NM,NM,Actual
Dec-31-1944,-2.17,NM,NM,NM,Actual
Nov-30-1944,-1.09,NM,NM,NM,Actual
Oct-31-1944,-1.09,NM,NM,NM,Actual
Sep-30-1944,-1.09,NM,NM,NM,Actual
Aug-31-1944,0,NM,NM,NM,Actual
Jul-31-1944,0,NM,NM,NM,Actual
Jun-30-1944,1.11,NM,NM,NM,Actual
May-31-1944,1.11,NM,NM,NM,Actual
Apr-30-1944,1.11,NM,NM,NM,Actual
Mar-31-1944,3.41,NM,NM,NM,Actual
Feb-29-1944,3.41,NM,NM,NM,Actual
Jan-31-1944,3.41,NM,NM,NM,Actual
Dec-31-1943,2.22,NM,NM,NM,Actual
Nov-30-1943,2.22,NM,NM,NM,Actual
Oct-31-1943,3.37,NM,NM,NM,Actual
Sep-30-1943,4.55,NM,NM,NM,Actual
Aug-31-1943,2.25,NM,NM,NM,Actual
Jul-31-1943,2.25,NM,NM,NM,Actual
Jun-30-1943,2.27,NM,NM,NM,Actual
May-31-1943,2.27,NM,NM,NM,Actual
Apr-30-1943,2.27,NM,NM,NM,Actual
Mar-31-1943,0,NM,NM,NM,Actual
Feb-28-1943,1.15,NM,NM,NM,Actual
Jan-31-1943,1.15,NM,NM,NM,Actual
Dec-31-1942,3.45,NM,NM,NM,Actual
Nov-30-1942,2.27,NM,NM,NM,Actual
Oct-31-1942,2.3,NM,NM,NM,Actual
Sep-30-1942,1.15,NM,NM,NM,Actual
Aug-31-1942,3.49,NM,NM,NM,Actual
Jul-31-1942,4.71,NM,NM,NM,Actual
Jun-30-1942,4.76,NM,NM,NM,Actual
May-31-1942,7.32,NM,NM,NM,Actual
Apr-30-1942,7.32,NM,NM,NM,Actual
Mar-31-1942,7.32,NM,NM,NM,Actual
Feb-28-1942,6.1,NM,NM,NM,Actual
Jan-31-1942,6.1,NM,NM,NM,Actual
Dec-31-1941,6.1,NM,NM,NM,Actual
Nov-30-1941,8.64,NM,NM,NM,Actual
Oct-31-1941,7.41,NM,NM,NM,Actual
Sep-30-1941,7.41,NM,NM,NM,Actual
Aug-31-1941,7.5,NM,NM,NM,Actual
Jul-31-1941,6.25,NM,NM,NM,Actual
Jun-30-1941,6.33,NM,NM,NM,Actual
May-31-1941,3.8,NM,NM,NM,Actual
Apr-30-1941,3.8,NM,NM,NM,Actual
Mar-31-1941,3.8,NM,NM,NM,Actual
Feb-28-1941,5.13,NM,NM,NM,Actual
Jan-31-1941,5.13,NM,NM,NM,Actual
Dec-31-1940,5.13,NM,NM,NM,Actual
Nov-30-1940,3.85,NM,NM,NM,Actual
Oct-31-1940,3.85,NM,NM,NM,Actual
Sep-30-1940,6.58,NM,NM,NM,Actual
Aug-31-1940,5.26,NM,NM,NM,Actual
Jul-31-1940,5.26,NM,NM,NM,Actual
Jun-30-1940,3.95,NM,NM,NM,Actual
May-31-1940,3.95,NM,NM,NM,Actual
Apr-30-1940,3.95,NM,NM,NM,Actual
Mar-31-1940,3.95,NM,NM,NM,Actual
Feb-29-1940,2.63,NM,NM,NM,Actual
Jan-31-1940,2.63,NM,NM,NM,Actual
Dec-31-1939,2.63,NM,NM,NM,Actual
Nov-30-1939,2.63,NM,NM,NM,Actual
Oct-31-1939,2.63,NM,NM,NM,Actual
Sep-30-1939,-1.3,NM,NM,NM,Actual
Aug-31-1939,-2.56,NM,NM,NM,Actual
Jul-31-1939,-2.56,NM,NM,NM,Actual
Jun-30-1939,-1.3,NM,NM,NM,Actual
May-31-1939,-1.3,NM,NM,NM,Actual
Apr-30-1939,-2.56,NM,NM,NM,Actual
Mar-31-1939,-2.56,NM,NM,NM,Actual
Feb-28-1939,-1.3,NM,NM,NM,Actual
Jan-31-1939,-1.3,NM,NM,NM,Actual
Dec-31-1938,-2.56,NM,NM,NM,Actual
Nov-30-1938,-2.56,NM,NM,NM,Actual
Oct-31-1938,-2.56,NM,NM,NM,Actual
Sep-30-1938,0,NM,NM,NM,Actual
Aug-31-1938,1.3,NM,NM,NM,Actual
Jul-31-1938,2.63,NM,NM,NM,Actual
Jun-30-1938,1.32,NM,NM,NM,Actual
May-31-1938,1.32,NM,NM,NM,Actual
Apr-30-1938,2.63,NM,NM,NM,Actual
Mar-31-1938,2.63,NM,NM,NM,Actual
Feb-28-1938,1.32,NM,NM,NM,Actual
Jan-31-1938,1.32,NM,NM,NM,Actual
Dec-31-1937,4,NM,NM,NM,Actual
Nov-30-1937,4,NM,NM,NM,Actual
Oct-31-1937,4,NM,NM,NM,Actual
Sep-30-1937,4.05,NM,NM,NM,Actual
Aug-31-1937,4.05,NM,NM,NM,Actual
Jul-31-1937,2.7,NM,NM,NM,Actual
Jun-30-1937,4.11,NM,NM,NM,Actual
May-31-1937,4.11,NM,NM,NM,Actual
Apr-30-1937,4.11,NM,NM,NM,Actual
Mar-31-1937,2.7,NM,NM,NM,Actual
Feb-28-1937,2.7,NM,NM,NM,Actual
Jan-31-1937,2.7,NM,NM,NM,Actual
Dec-31-1936,1.35,NM,NM,NM,Actual
Nov-30-1936,1.35,NM,NM,NM,Actual
Oct-31-1936,2.74,NM,NM,NM,Actual
Sep-30-1936,1.37,NM,NM,NM,Actual
Aug-31-1936,2.78,NM,NM,NM,Actual
Jul-31-1936,2.78,NM,NM,NM,Actual
Jun-30-1936,1.39,NM,NM,NM,Actual
May-31-1936,1.39,NM,NM,NM,Actual
Apr-30-1936,1.39,NM,NM,NM,Actual
Mar-31-1936,2.78,NM,NM,NM,Actual
Feb-29-1936,2.78,NM,NM,NM,Actual
Jan-31-1936,2.78,NM,NM,NM,Actual
Dec-31-1935,2.78,NM,NM,NM,Actual
Nov-30-1935,2.78,NM,NM,NM,Actual
Oct-31-1935,1.39,NM,NM,NM,Actual
Sep-30-1935,1.39,NM,NM,NM,Actual
Aug-31-1935,0,NM,NM,NM,Actual
Jul-31-1935,0,NM,NM,NM,Actual
Jun-30-1935,0,NM,NM,NM,Actual
May-31-1935,0,NM,NM,NM,Actual
Apr-30-1935,-1.37,NM,NM,NM,Actual
Mar-31-1935,-1.37,NM,NM,NM,Actual
Feb-28-1935,0,NM,NM,NM,Actual
Jan-31-1935,0,NM,NM,NM,Actual
Dec-31-1934,1.41,NM,NM,NM,Actual
Nov-30-1934,1.41,NM,NM,NM,Actual
Oct-31-1934,1.41,NM,NM,NM,Actual
Sep-30-1934,0,NM,NM,NM,Actual
Aug-31-1934,0,NM,NM,NM,Actual
Jul-31-1934,1.41,NM,NM,NM,Actual
Jun-30-1934,1.41,NM,NM,NM,Actual
May-31-1934,1.41,NM,NM,NM,Actual
Apr-30-1934,2.82,NM,NM,NM,Actual
Mar-31-1934,2.82,NM,NM,NM,Actual
Feb-28-1934,0,NM,NM,NM,Actual
Jan-31-1934,0,NM,NM,NM,Actual
Dec-31-1933,-2.74,NM,NM,NM,Actual
Nov-30-1933,-2.74,NM,NM,NM,Actual
Oct-31-1933,-2.74,NM,NM,NM,Actual
Sep-30-1933,-2.7,NM,NM,NM,Actual
Aug-31-1933,-2.7,NM,NM,NM,Actual
Jul-31-1933,-4.05,NM,NM,NM,Actual
Jun-30-1933,-4.05,NM,NM,NM,Actual
May-31-1933,-4.05,NM,NM,NM,Actual
Apr-30-1933,-6.58,NM,NM,NM,Actual
Mar-31-1933,-6.58,NM,NM,NM,Actual
Feb-28-1933,-5.26,NM,NM,NM,Actual
Jan-31-1933,-7.69,NM,NM,NM,Actual
Dec-31-1932,-7.59,NM,NM,NM,Actual
Nov-30-1932,-7.59,NM,NM,NM,Actual
Oct-31-1932,-7.59,NM,NM,NM,Actual
Sep-30-1932,-8.64,NM,NM,NM,Actual
Aug-31-1932,-9.76,NM,NM,NM,Actual
Jul-31-1932,-8.64,NM,NM,NM,Actual
Jun-30-1932,-9.76,NM,NM,NM,Actual
May-31-1932,-10.84,NM,NM,NM,Actual
Apr-30-1932,-9.52,NM,NM,NM,Actual
Mar-31-1932,-10.59,NM,NM,NM,Actual
Feb-29-1932,-11.63,NM,NM,NM,Actual
Jan-31-1932,-10.34,NM,NM,NM,Actual
Dec-31-1931,-10.23,NM,NM,NM,Actual
Nov-30-1931,-11.24,NM,NM,NM,Actual
Oct-31-1931,-11.24,NM,NM,NM,Actual
Sep-30-1931,-8.99,NM,NM,NM,Actual
Aug-31-1931,-10.87,NM,NM,NM,Actual
Jul-31-1931,-11.96,NM,NM,NM,Actual
Jun-30-1931,-10.87,NM,NM,NM,Actual
May-31-1931,-9.78,NM,NM,NM,Actual
Apr-30-1931,-8.7,NM,NM,NM,Actual
Mar-31-1931,-8.6,NM,NM,NM,Actual
Feb-28-1931,-8.51,NM,NM,NM,Actual
Jan-31-1931,-7.45,NM,NM,NM,Actual
Dec-31-1930,-6.38,NM,NM,NM,Actual
Nov-30-1930,-4.3,NM,NM,NM,Actual
Oct-31-1930,-4.3,NM,NM,NM,Actual
Sep-30-1930,-3.26,NM,NM,NM,Actual
Aug-31-1930,0,NM,NM,NM,Actual
Jul-31-1930,0,NM,NM,NM,Actual
Jun-30-1930,0,NM,NM,NM,Actual
May-31-1930,0,NM,NM,NM,Actual
Apr-30-1930,1.1,NM,NM,NM,Actual
Mar-31-1930,1.09,NM,NM,NM,Actual
Feb-28-1930,2.17,NM,NM,NM,Actual
Jan-31-1930,2.17,NM,NM,NM,Actual
Dec-31-1929,2.17,NM,NM,NM,Actual
Nov-30-1929,1.09,NM,NM,NM,Actual
Oct-31-1929,1.09,NM,NM,NM,Actual
Sep-30-1929,0,NM,NM,NM,Actual
Aug-31-1929,0,NM,NM,NM,Actual
Jul-31-1929,2.22,NM,NM,NM,Actual
Jun-30-1929,2.22,NM,NM,NM,Actual
May-31-1929,2.22,NM,NM,NM,Actual
Apr-30-1929,0,NM,NM,NM,Actual
Mar-31-1929,1.1,NM,NM,NM,Actual
Feb-28-1929,0,NM,NM,NM,Actual
Jan-31-1929,0,NM,NM,NM,Actual
Dec-31-1928,1.1,NM,NM,NM,Actual
Nov-30-1928,1.1,NM,NM,NM,Actual
Oct-31-1928,2.22,NM,NM,NM,Actual
Sep-30-1928,2.22,NM,NM,NM,Actual
Aug-31-1928,2.22,NM,NM,NM,Actual
Jul-31-1928,-1.1,NM,NM,NM,Actual
Jun-30-1928,0,NM,NM,NM,Actual
May-31-1928,0,NM,NM,NM,Actual
Apr-30-1928,1.11,NM,NM,NM,Actual
Mar-31-1928,0,NM,NM,NM,Actual
Feb-29-1928,0,NM,NM,NM,Actual
Jan-31-1928,0,NM,NM,NM,Actual
Dec-31-1927,-1.09,NM,NM,NM,Actual
Nov-30-1927,-1.09,NM,NM,NM,Actual
Oct-31-1927,-2.17,NM,NM,NM,Actual
Sep-30-1927,-2.17,NM,NM,NM,Actual
Aug-31-1927,-2.17,NM,NM,NM,Actual
Jul-31-1927,-1.09,NM,NM,NM,Actual
Jun-30-1927,-2.17,NM,NM,NM,Actual
May-31-1927,-2.17,NM,NM,NM,Actual
Apr-30-1927,-2.17,NM,NM,NM,Actual
Mar-31-1927,-1.09,NM,NM,NM,Actual
Feb-28-1927,0,NM,NM,NM,Actual
Jan-31-1927,0,NM,NM,NM,Actual
Dec-31-1926,-1.08,NM,NM,NM,Actual
Nov-30-1926,0,NM,NM,NM,Actual
Oct-31-1926,0,NM,NM,NM,Actual
Sep-30-1926,1.1,NM,NM,NM,Actual
Aug-31-1926,1.1,NM,NM,NM,Actual
Jul-31-1926,2.22,NM,NM,NM,Actual
Jun-30-1926,2.22,NM,NM,NM,Actual
May-31-1926,2.22,NM,NM,NM,Actual
Apr-30-1926,1.1,NM,NM,NM,Actual
Mar-31-1926,0,NM,NM,NM,Actual
Feb-28-1926,0,NM,NM,NM,Actual
Jan-31-1926,0,NM,NM,NM,Actual
Dec-31-1925,2.2,NM,NM,NM,Actual
Nov-30-1925,1.1,NM,NM,NM,Actual
Oct-31-1925,2.22,NM,NM,NM,Actual
Sep-30-1925,1.11,NM,NM,NM,Actual
Aug-31-1925,1.11,NM,NM,NM,Actual
Jul-31-1925,2.27,NM,NM,NM,Actual
Jun-30-1925,2.27,NM,NM,NM,Actual
May-31-1925,1.12,NM,NM,NM,Actual
Apr-30-1925,1.11,NM,NM,NM,Actual
Mar-31-1925,0,NM,NM,NM,Actual
Feb-28-1925,0,NM,NM,NM,Actual
Jan-31-1925,0,NM,NM,NM,Actual
Dec-31-1924,-1.09,NM,NM,NM,Actual
Nov-30-1924,-1.09,NM,NM,NM,Actual
Oct-31-1924,-2.17,NM,NM,NM,Actual
Sep-30-1924,-2.17,NM,NM,NM,Actual
Aug-31-1924,-2.17,NM,NM,NM,Actual
Jul-31-1924,-3.3,NM,NM,NM,Actual
Jun-30-1924,-4.35,NM,NM,NM,Actual
May-31-1924,-3.26,NM,NM,NM,Actual
Apr-30-1924,-2.17,NM,NM,NM,Actual
Mar-31-1924,-1.08,NM,NM,NM,Actual
Feb-29-1924,0,NM,NM,NM,Actual
Jan-31-1924,0,NM,NM,NM,Actual
Dec-31-1923,0,NM,NM,NM,Actual
Nov-30-1923,0,NM,NM,NM,Actual
Oct-31-1923,0,NM,NM,NM,Actual
Sep-30-1923,0,NM,NM,NM,Actual
Aug-31-1923,0,NM,NM,NM,Actual
Jul-31-1923,0,NM,NM,NM,Actual
Jun-30-1923,1.1,NM,NM,NM,Actual
May-31-1923,1.1,NM,NM,NM,Actual
Apr-30-1923,0,NM,NM,NM,Actual
Mar-31-1923,1.09,NM,NM,NM,Actual
Feb-28-1923,-1.08,NM,NM,NM,Actual
Jan-31-1923,-2.13,NM,NM,NM,Actual
Dec-31-1922,-2.13,NM,NM,NM,Actual
Nov-30-1922,-2.13,NM,NM,NM,Actual
Oct-31-1922,-5.15,NM,NM,NM,Actual
Sep-30-1922,-5.15,NM,NM,NM,Actual
Aug-31-1922,-5.15,NM,NM,NM,Actual
Jul-31-1922,-6.19,NM,NM,NM,Actual
Jun-30-1922,-6.19,NM,NM,NM,Actual
May-31-1922,-9,NM,NM,NM,Actual
Apr-30-1922,-9.8,NM,NM,NM,Actual
Mar-31-1922,-12.38,NM,NM,NM,Actual
Feb-28-1922,-13.89,NM,NM,NM,Actual
Jan-31-1922,-14.55,NM,NM,NM,Actual
Dec-31-1921,-16.07,NM,NM,NM,Actual
Nov-30-1921,-16.81,NM,NM,NM,Actual
Oct-31-1921,-15.65,NM,NM,NM,Actual
Sep-30-1921,-15.65,NM,NM,NM,Actual
Aug-31-1921,-17.09,NM,NM,NM,Actual
Jul-31-1921,-17.8,NM,NM,NM,Actual
Jun-30-1921,-17.8,NM,NM,NM,Actual
May-31-1921,-13.79,NM,NM,NM,Actual
Apr-30-1921,-9.73,NM,NM,NM,Actual
Mar-31-1921,-6.25,NM,NM,NM,Actual
Feb-28-1921,0,NM,NM,NM,Actual
Jan-31-1921,3.77,NM,NM,NM,Actual
Dec-31-1920,9.8,NM,NM,NM,Actual
Nov-30-1920,11.88,NM,NM,NM,Actual
Oct-31-1920,15,NM,NM,NM,Actual
Sep-30-1920,15,NM,NM,NM,Actual
Aug-31-1920,17,NM,NM,NM,Actual
Jul-31-1920,20.41,NM,NM,NM,Actual
Jun-30-1920,21.65,NM,NM,NM,Actual
May-31-1920,19.59,NM,NM,NM,Actual
Apr-30-1920,20.21,NM,NM,NM,Actual
Mar-31-1920,19.15,NM,NM,NM,Actual
Feb-29-1920,14.89,NM,NM,NM,Actual
Jan-31-1920,11.58,NM,NM,NM,Actual
Dec-31-1919,8.51,NM,NM,NM,Actual
Nov-30-1919,7.45,NM,NM,NM,Actual
Oct-31-1919,7.53,NM,NM,NM,Actual
Sep-30-1919,8.7,NM,NM,NM,Actual
Aug-31-1919,8.7,NM,NM,NM,Actual
Jul-31-1919,10.11,NM,NM,NM,Actual
Jun-30-1919,10.23,NM,NM,NM,Actual
May-31-1919,11.49,NM,NM,NM,Actual
Apr-30-1919,9.3,NM,NM,NM,Actual
Mar-31-1919,9.3,NM,NM,NM,Actual
Feb-28-1919,10.59,NM,NM,NM,Actual
Jan-31-1919,13.1,NM,NM,NM,Actual
Dec-31-1918,13.25,NM,NM,NM,Actual
Nov-30-1918,14.63,NM,NM,NM,Actual
Oct-31-1918,13.41,NM,NM,NM,Actual
Sep-30-1918,15,NM,NM,NM,Actual
Aug-31-1918,15,NM,NM,NM,Actual
Jul-31-1918,11.25,NM,NM,NM,Actual
Jun-30-1918,10,NM,NM,NM,Actual
May-31-1918,10.13,NM,NM,NM,Actual
Apr-30-1918,13.16,NM,NM,NM,Actual
Mar-31-1918,13.16,NM,NM,NM,Actual
Feb-28-1918,14.86,NM,NM,NM,Actual
Jan-31-1918,13.51,NM,NM,NM,Actual
Dec-31-1917,15.28,NM,NM,NM,Actual
Nov-30-1917,15.49,NM,NM,NM,Actual
Oct-31-1917,18.84,NM,NM,NM,Actual
Sep-30-1917,17.65,NM,NM,NM,Actual
Aug-31-1917,21.21,NM,NM,NM,Actual
Jul-31-1917,21.21,NM,NM,NM,Actual
Jun-30-1917,21.21,NM,NM,NM,Actual
May-31-1917,21.54,NM,NM,NM,Actual
Apr-30-1917,16.92,NM,NM,NM,Actual
Mar-31-1917,16.92,NM,NM,NM,Actual
Feb-28-1917,13.85,NM,NM,NM,Actual
Jan-31-1917,15.63,NM,NM,NM,Actual
Dec-31-1916,14.29,NM,NM,NM,Actual
Nov-30-1916,12.7,NM,NM,NM,Actual
Oct-31-1916,13.11,NM,NM,NM,Actual
Sep-30-1916,11.48,NM,NM,NM,Actual
Aug-31-1916,8.2,NM,NM,NM,Actual
Jul-31-1916,8.2,NM,NM,NM,Actual
Jun-30-1916,8.2,NM,NM,NM,Actual
May-31-1916,6.56,NM,NM,NM,Actual
Apr-30-1916,6.56,NM,NM,NM,Actual
Mar-31-1916,6.56,NM,NM,NM,Actual
Feb-29-1916,6.56,NM,NM,NM,Actual
Jan-31-1916,4.92,NM,NM,NM,Actual
Dec-31-1915,3.28,NM,NM,NM,Actual
Nov-30-1915,3.28,NM,NM,NM,Actual
Oct-31-1915,0,NM,NM,NM,Actual
Sep-30-1915,1.67,NM,NM,NM,Actual
Aug-31-1915,1.67,NM,NM,NM,Actual
Jul-31-1915,3.39,NM,NM,NM,Actual
Jun-30-1915,1.67,NM,NM,NM,Actual
May-31-1915,3.39,NM,NM,NM,Actual
Apr-30-1915,1.67,NM,NM,NM,Actual
Mar-31-1915,1.67,NM,NM,NM,Actual
Feb-28-1915,1.67,NM,NM,NM,Actual
Jan-31-1915,1.67,NM,NM,NM,Actual
,,,,,
Economic Time Series Data Provided By:,,,,,